item,qty,spec,supplier,unit_cost_usd,make_buy,notes
1 Cabinet body,1,"Galvanized steel sheet 1.5 mm, folded and riveted, 1,000 x 500 x 1,400 mm, bay deck, powder coat, IP54 door seals",Local sheet metal shop,260.00,make,Indicative material and folding cost; unfitted bays closed with blank plates
2 Bay door with solenoid lock,4,"Steel door 176 x 510 mm, hinge, EPDM gasket, 12 V fail-secure solenoid lock with door switch",Hardware and access-control supplier,22.00,buy,Indicative price
3 Bay compartment with cradle and receptacle,4,"Steel liner 180 x 390 x 530 mm with vent port to plenum, printed cradle and guide faces, SwapCell blind-mate receptacle, NTC on the receptacle",Local fabricator plus connector supplier,35.00,make,Indicative price; mirrors the SwapCell wall dock cradle
4 SwapCell pack (reference),4,"13S2P 21700, about 46.8 V nominal, about 468 Wh, 340 x 90 x 80 mm (SwapCell interface v0.2)",SwapCell project,0.00,make,Not included in station cost; about $370 each in prototype parts per the SwapCell precis
5 Charger,4,"Certified lithium-ion charger, 54.6 V 5 A CC-CV, about 300 W input, 100 to 240 V AC",E-bike parts supplier,55.00,buy,Indicative price; switched on its DC side by the controller
6 Dock controller,1,"ESP32 with four SPI CAN controllers and transceivers (one CAN channel per bay), four DC contactors or relays rated 60 V 10 A, current sensors, LTE-M modem, SD card, DIN box",Electronics distributor,70.00,buy,Indicative price
7 Access panel,1,"Vandal-resistant NFC reader, sunlight-readable display, per-bay status lights, buzzer, steel bezel",Electronics distributor,45.00,buy,Indicative price
8 Grid input and protection,1,"DIN enclosure with 30 mA RCBO, one breaker per charger, surge protection device, isolator, cable gland; 120 V or 230 V single phase",Electrical wholesaler,85.00,buy,Indicative price; installation by a qualified electrician
9 Fire detection and suppression,1,"Heat and smoke detector, per-bay NTC sensors (on item 3), small condensed-aerosol fire suppression unit with electrical and thermal trigger",Fire safety supplier,110.00,buy,Indicative price; suitability for lithium-ion packs is an open question
10 Vent plenum and roof exhaust louver,1,"Rear plenum wall with bay vent ports, roof louver with rain hood, two 120 mm IP55 fans, filtered intake",Local fabricator plus electronics distributor,45.00,make,Indicative price
11 Solar panel,1,"400 W monocrystalline, about 1,722 x 1,134 x 35 mm, Vmp about 31 V",Regional solar distributor,110.00,buy,Indicative price
12 Canopy frame,1,"Four 50 mm square steel posts and two rails, 10 degree tilt, bolted to the roof frame",Local fabricator,60.00,make,Indicative material cost
13 MPPT solar charge controller,1,"PV input up to 100 V, programmable lithium profile set to 54.6 V CV, output current limited to 5 A, feeds bay 1",Solar distributor,70.00,buy,Indicative price; bay 1 also keeps its AC charger
14 Plinth and anchor frame,1,"Steel channel frame 1,020 x 520 x 100 mm with four M12 anchor points and tamper-resistant fixings",Local fabricator,40.00,make,Indicative price; concrete pad not included
15 Service door,1,"Steel door 960 x 520 mm with cam lock, gasket and door switch",Local sheet metal shop,30.00,make,Indicative price
16 Wiring and hardware,1,"Fuses per bay, DC cable, ferrules, DIN rail, fasteners, labels",Electrical wholesaler,50.00,buy,Indicative price; no exploded-view callout
